{"34": -0.2767890521779779, "35": 0.4398821788300969, "36": -0.38675445039947143, "37": 0.7749681125482306, "38": -0.6629881073080912, "39": 0.4977307375788198, "40": -0.27545835613447245, "41": 0.05530478930867955, "42": 0.05551914882221117, "43": -0.11071634434815253, "44": -0.552497623996795, "45": 0.33278878143506346, "46": -0.38712775415102074, "47": 0.4996598288631586, "48": -0.38563884630503037, "49": 0.33118578841549823, "50": -0.16527582863657067, "51": 0.1103963557014213, "52": -0.4428571092915071, "53": 0.7217109879989755, "54": 0.0, "55": 0.16655702942258843, "56": -0.055465403309581066, "57": 0.11136191907818768, "58": -0.16575396240992352, "59": 0.05514510280985797, "60": -0.27572347077024684, "61": 0.33118578841549823, "62": -0.22164601046005072}