{"32": -0.11050281287420079, "33": 0.384529659584897, "14": 1.7385505942666877, "15": 0.7294856868573026, "16": -0.8271193364539227, "17": 0.3315051504211381, "18": -0.5573343616592217, "19": 0.6071579799124067, "20": -1.3335115503211954, "21": 1.548157698977982, "22": -0.5562522270805723, "23": 0.4411522408682744, "24": -0.8899599472271317, "25": 0.2759890962109862, "26": -0.6089177257944206, "27": 0.7734736595666794, "28": 0.2762552339358718, "29": -0.11050281287420079, "30": 0.0, "31": -0.33182512893791816, "14": -0.685460}